NoEntry0.jpg,600,236,55,60
NoEntry0.jpg,153,239,57,53
NoEntry1.jpg,171,109,77,95
NoEntry10.jpg,228,130,82,89
NoEntry10.jpg,497,145,99,100
NoEntry10.jpg,579,167,53,73
NoEntry11.jpg,47,213,71,65
NoEntry11.jpg,440,158,94,90
NoEntry12.jpg,93,237,94,91
NoEntry12.jpg,243,180,53,53
NoEntry12.jpg,432,82,34,35
NoEntry12.jpg,290,113,41,50
NoEntry12.jpg,656,116,42,47
NoEntry12.jpg,812,245,89,87
NoEntry12.jpg,739,169,25,63
NoEntry13.jpg,380,574,58,59
NoEntry14.jpg,427,283,67,68
NoEntry15.jpg,323,123,60,55
NoEntry15.jpg,388,119,54,60
NoEntry2.jpg,356,133,145,135
NoEntry3.jpg,16,0,91,88
NoEntry3.jpg,408,6,181,191
NoEntry4.jpg,191,174,50,55
NoEntry4.jpg,740,206,50,56
NoEntry5.jpg,125,310,39,48
NoEntry5.jpg,305,327,31,41
NoEntry5.jpg,430,341,26,36
NoEntry5.jpg,521,351,24,32
NoEntry5.jpg,594,361,19,28
NoEntry5.jpg,648,367,18,23
NoEntry5.jpg,694,373,17,22
NoEntry5.jpg,733,377,16,22
NoEntry5.jpg,843,378,15,22
NoEntry5.jpg,864,382,16,19
NoEntry6.jpg,176,315,154,154
NoEntry6.jpg,378,207,204,218
NoEntry6.jpg,589,220,188,235
NoEntry6.jpg,800,402,56,144
NoEntry7.jpg,552,171,39,44
NoEntry8.jpg,194,73,105,109
NoEntry8.jpg,144,177,62,63
NoEntry8.jpg,103,234,47,48
NoEntry8.jpg,86,262,35,33
NoEntry8.jpg,75,275,24,27
NoEntry8.jpg,68,296,21,21
NoEntry9.jpg,465,572,62,62
NoEntry9.jpg,732,852,17,16
